id,Rol,Token,Respuesta_esperada,Respuesta_obtenida,revision
1,admin,eyJhbGciOiJIUzI1NiIsInR5cCI6IkpXVCJ9.eyJmcmVzaCI6ZmFsc2UsImlhdCI6MTY5NjEzMDYxMiwianRpIjoiY2VlNTNhZDEtNWJhNy00ZDVlLTgxOTQtMzFhNzEzNGI2NzlhIiwidHlwZSI6ImFjY2VzcyIsInN1YiI6ImRpZWdvIiwibmJmIjoxNjk2MTMwNjEyLCJleHAiOjE2OTYxMzQyMTIsInJvbCI6ImFkbWluIn0.CvattT2uCbJC8cs_pn83RDFZ90kwtoiDPRTogG5idPw,Acceso permitido,Acceso permitido,True
2,admin,eyJhbGciOiJIUzI1NiIsInR5cCI6IkpXVCJ9.eyJmcmVzaCI6ZmFsc2UsImlhdCI6MTY5NjEzMDYxMiwianRpIjoiNTk4MzA4NWMtZjNiNC00ZDdjLTlkMDYtNzRiZWJhNjhjMDAyIiwidHlwZSI6ImFjY2VzcyIsInN1YiI6ImRpZWdvIiwibmJmIjoxNjk2MTMwNjEyLCJleHAiOjE2OTYxMzQyMTIsInJvbCI6ImFkbWluIn0.Bc8vTP6HxjXxPztyr9FyI5ghPpcmxHxSvnchbXLJAcM,Acceso permitido,Acceso permitido,True
3,admin,eyJhbGciOiJIUzI1NiIsInR5cCI6IkpXVCJ9.eyJmcmVzaCI6ZmFsc2UsImlhdCI6MTY5NjEzMDYxMiwianRpIjoiN2NiMWIyZmEtYWMyOS00ZWM2LTlhNWEtMDQwMjk2NDdmMDAxIiwidHlwZSI6ImFjY2VzcyIsInN1YiI6ImRpZWdvIiwibmJmIjoxNjk2MTMwNjEyLCJleHAiOjE2OTYxMzQyMTIsInJvbCI6ImFkbWluIn0.SNtfq-AYJ4OI0Qba3M_5HRdm-EaLoB-6sclAspNQ-00,Acceso permitido,Acceso permitido,True
4,admin,eyJhbGciOiJIUzI1NiIsInR5cCI6IkpXVCJ9.eyJmcmVzaCI6ZmFsc2UsImlhdCI6MTY5NjEzMDYxMiwianRpIjoiZmI1MDI3NzktMDk3ZS00YjM5LTgzODctNGEyOTdlMTY2MDY2IiwidHlwZSI6ImFjY2VzcyIsInN1YiI6ImRpZWdvIiwibmJmIjoxNjk2MTMwNjEyLCJleHAiOjE2OTYxMzQyMTIsInJvbCI6ImFkbWluIn0.uRll-tHZ7BuqO5wVriMV9JHSM6wHGX-AtoVFqwURYWw,Acceso permitido,Acceso permitido,True
5,user,eyJhbGciOiJIUzI1NiIsInR5cCI6IkpXVCJ9.eyJmcmVzaCI6ZmFsc2UsImlhdCI6MTY5NjEzMDYxMiwianRpIjoiODNjNmY5NGUtZTgzYy00NTZiLTg3MjQtZjZmM2E3N2E1NzBmIiwidHlwZSI6ImFjY2VzcyIsInN1YiI6ImRpZWdvIiwibmJmIjoxNjk2MTMwNjEyLCJleHAiOjE2OTYxMzQyMTIsInJvbCI6InVzZXIifQ.Ij7XW43baR7a8Sjd7WjmM1NJ5pX96HgdzgQ0G7tzf_4,No autorizado,No autorizado,True
6,user,eyJhbGciOiJIUzI1NiIsInR5cCI6IkpXVCJ9.eyJmcmVzaCI6ZmFsc2UsImlhdCI6MTY5NjEzMDYxMiwianRpIjoiY2NmNzFiMDItYmYxYy00NTczLTk5ZGQtNGYwOWZiOTJhYjgzIiwidHlwZSI6ImFjY2VzcyIsInN1YiI6ImRpZWdvIiwibmJmIjoxNjk2MTMwNjEyLCJleHAiOjE2OTYxMzQyMTIsInJvbCI6InVzZXIifQ.qpilP0i5ly9rbTBkmcuJMQgmppqHUhigaYcL-oU9zRI,No autorizado,No autorizado,True
7,user,eyJhbGciOiJIUzI1NiIsInR5cCI6IkpXVCJ9.eyJmcmVzaCI6ZmFsc2UsImlhdCI6MTY5NjEzMDYxMiwianRpIjoiYTkwNjY4YWQtYTQ1Ni00MjU2LWE4NjQtMmVjNWU4M2U5ZTM3IiwidHlwZSI6ImFjY2VzcyIsInN1YiI6ImRpZWdvIiwibmJmIjoxNjk2MTMwNjEyLCJleHAiOjE2OTYxMzQyMTIsInJvbCI6InVzZXIifQ.Sb_5t3_g0OBvINFZNEa4OnWBfEdVlipvmCAi2WzxH7E,No autorizado,No autorizado,True
8,admin,eyJhbGciOiJIUzI1NiIsInR5cCI6IkpXVCJ9.eyJmcmVzaCI6ZmFsc2UsImlhdCI6MTY5NjEzMDYxMiwianRpIjoiODZiYjg4ZjMtMGI1Mi00OTY4LWExZmYtNGI0MTEwNWI2Yjg4IiwidHlwZSI6ImFjY2VzcyIsInN1YiI6ImRpZWdvIiwibmJmIjoxNjk2MTMwNjEyLCJleHAiOjE2OTYxMzQyMTIsInJvbCI6ImFkbWluIn0.LiwGfdszfgfTEsn1NBXxPq5jFNHk7KgrLZR23WBE3Ik,Acceso permitido,Acceso permitido,True
9,admin,eyJhbGciOiJIUzI1NiIsInR5cCI6IkpXVCJ9.eyJmcmVzaCI6ZmFsc2UsImlhdCI6MTY5NjEzMDYxMiwianRpIjoiZDNjY2VkNTktYmZmNy00ZTE3LWJjNmQtZjE0ZDJkYWUyNDcyIiwidHlwZSI6ImFjY2VzcyIsInN1YiI6ImRpZWdvIiwibmJmIjoxNjk2MTMwNjEyLCJleHAiOjE2OTYxMzQyMTIsInJvbCI6ImFkbWluIn0.an9x2w8-0COderHI1ASIAKJ3s1EGWpUclzYnOkr4ftk,Acceso permitido,Acceso permitido,True
10,admin,eyJhbGciOiJIUzI1NiIsInR5cCI6IkpXVCJ9.eyJmcmVzaCI6ZmFsc2UsImlhdCI6MTY5NjEzMDYxMiwianRpIjoiZmFlYWE2MjUtYjlmOS00NjEyLThlM2ItYTRlMGRjMmE2NDFiIiwidHlwZSI6ImFjY2VzcyIsInN1YiI6ImRpZWdvIiwibmJmIjoxNjk2MTMwNjEyLCJleHAiOjE2OTYxMzQyMTIsInJvbCI6ImFkbWluIn0.zZn126ZjXngplwDSNd56LEBXhw87Cj1aAQHmPAN1TOs,Acceso permitido,Acceso permitido,True
11,admin,eyJhbGciOiJIUzI1NiIsInR5cCI6IkpXVCJ9.eyJmcmVzaCI6ZmFsc2UsImlhdCI6MTY5NjEzMDYxMiwianRpIjoiZTFkMGM0ZjktMWY5Mi00ZDVmLTllMzAtYzJhYWQ3ODRiMTcyIiwidHlwZSI6ImFjY2VzcyIsInN1YiI6ImRpZWdvIiwibmJmIjoxNjk2MTMwNjEyLCJleHAiOjE2OTYxMzQyMTIsInJvbCI6ImFkbWluIn0.KkxQ4_3Npd3CYmwNEUeI3MFCkIr4HVPw5AN61GNCi3U,Acceso permitido,Acceso permitido,True
12,user,eyJhbGciOiJIUzI1NiIsInR5cCI6IkpXVCJ9.eyJmcmVzaCI6ZmFsc2UsImlhdCI6MTY5NjEzMDYxMiwianRpIjoiODBmZDI2ZjEtZjc0ZC00YWMxLWEzOTEtZjRhN2ZhMDNhYmMyIiwidHlwZSI6ImFjY2VzcyIsInN1YiI6ImRpZWdvIiwibmJmIjoxNjk2MTMwNjEyLCJleHAiOjE2OTYxMzQyMTIsInJvbCI6InVzZXIifQ.6G2grI7YU3jf73SZhiAEgMrs4U0xJJW9mp1zWEok7KA,No autorizado,No autorizado,True
13,user,eyJhbGciOiJIUzI1NiIsInR5cCI6IkpXVCJ9.eyJmcmVzaCI6ZmFsc2UsImlhdCI6MTY5NjEzMDYxMiwianRpIjoiN2JlNjQzOGUtYjg0YS00OWQ1LWJmOTctMGZlM2Y4ZDgyYzBkIiwidHlwZSI6ImFjY2VzcyIsInN1YiI6ImRpZWdvIiwibmJmIjoxNjk2MTMwNjEyLCJleHAiOjE2OTYxMzQyMTIsInJvbCI6InVzZXIifQ.U0d4GvhQ5tSKiZ_c6dyTJQpcvAIiUNUhZGH5v0msapI,No autorizado,No autorizado,True
14,admin,eyJhbGciOiJIUzI1NiIsInR5cCI6IkpXVCJ9.eyJmcmVzaCI6ZmFsc2UsImlhdCI6MTY5NjEzMDYxMiwianRpIjoiMDQ4ZWVlNTEtODE0Yi00OGI2LWE0Y2MtZDc2NGM1YWQ0NGVmIiwidHlwZSI6ImFjY2VzcyIsInN1YiI6ImRpZWdvIiwibmJmIjoxNjk2MTMwNjEyLCJleHAiOjE2OTYxMzQyMTIsInJvbCI6ImFkbWluIn0.Nf8R8hy-kJUTSIQUZc7VuhoRdaK_jXMCRcZ46uwC10k,Acceso permitido,Acceso permitido,True
15,admin,eyJhbGciOiJIUzI1NiIsInR5cCI6IkpXVCJ9.eyJmcmVzaCI6ZmFsc2UsImlhdCI6MTY5NjEzMDYxMiwianRpIjoiNDY5ZDIwYWMtMjAxYS00ZjIxLWFlMjctZWY4MzJhMWRhMjRjIiwidHlwZSI6ImFjY2VzcyIsInN1YiI6ImRpZWdvIiwibmJmIjoxNjk2MTMwNjEyLCJleHAiOjE2OTYxMzQyMTIsInJvbCI6ImFkbWluIn0.86Tl-y0xWO48AsvHaAGTMAJkmHWXcsOWl_lezGiikiY,Acceso permitido,Acceso permitido,True
16,admin,eyJhbGciOiJIUzI1NiIsInR5cCI6IkpXVCJ9.eyJmcmVzaCI6ZmFsc2UsImlhdCI6MTY5NjEzMDYxMiwianRpIjoiYzZmMTFlYjAtNzNlMC00NjQyLWJlNmQtMmMzNmQzMTEyZGI4IiwidHlwZSI6ImFjY2VzcyIsInN1YiI6ImRpZWdvIiwibmJmIjoxNjk2MTMwNjEyLCJleHAiOjE2OTYxMzQyMTIsInJvbCI6ImFkbWluIn0.ESgUnQD0ae90gCh3-YiB-j_tMIjzW9aGYjHIJT3DI58,Acceso permitido,Acceso permitido,True
17,user,eyJhbGciOiJIUzI1NiIsInR5cCI6IkpXVCJ9.eyJmcmVzaCI6ZmFsc2UsImlhdCI6MTY5NjEzMDYxMiwianRpIjoiOTUwOTllNGMtOTE3ZS00MTJkLTkxNTAtNDA5YWM3ZjQyNzgwIiwidHlwZSI6ImFjY2VzcyIsInN1YiI6ImRpZWdvIiwibmJmIjoxNjk2MTMwNjEyLCJleHAiOjE2OTYxMzQyMTIsInJvbCI6InVzZXIifQ.v5vlooqakY6CJUCvUN2yLyblx1E2FGOjwKFSPPYntts,No autorizado,No autorizado,True
18,user,eyJhbGciOiJIUzI1NiIsInR5cCI6IkpXVCJ9.eyJmcmVzaCI6ZmFsc2UsImlhdCI6MTY5NjEzMDYxMiwianRpIjoiNDM3YjExYjctNjcxNS00ZGJiLWE2ZTUtOGJlZTRkNGMwZTM2IiwidHlwZSI6ImFjY2VzcyIsInN1YiI6ImRpZWdvIiwibmJmIjoxNjk2MTMwNjEyLCJleHAiOjE2OTYxMzQyMTIsInJvbCI6InVzZXIifQ.l8QaPBzUHiE5zOomoEFpuBLdoh6vYDbLcpv4vI09cN8,No autorizado,No autorizado,True
19,user,eyJhbGciOiJIUzI1NiIsInR5cCI6IkpXVCJ9.eyJmcmVzaCI6ZmFsc2UsImlhdCI6MTY5NjEzMDYxMiwianRpIjoiNmRmODFlNzktOGRiMy00ZGI0LThmNGEtY2RlNzk4Yjc0ODcxIiwidHlwZSI6ImFjY2VzcyIsInN1YiI6ImRpZWdvIiwibmJmIjoxNjk2MTMwNjEyLCJleHAiOjE2OTYxMzQyMTIsInJvbCI6InVzZXIifQ.lERn44T-c2qX3Mws9eP3rp4CMkOolLk0GG5xlDf7FkI,No autorizado,No autorizado,True
20,user,eyJhbGciOiJIUzI1NiIsInR5cCI6IkpXVCJ9.eyJmcmVzaCI6ZmFsc2UsImlhdCI6MTY5NjEzMDYxMiwianRpIjoiNzQzYjE1MzUtZjUwYS00NWQ0LWI1OGYtMGUyNWEyNjEwNTMwIiwidHlwZSI6ImFjY2VzcyIsInN1YiI6ImRpZWdvIiwibmJmIjoxNjk2MTMwNjEyLCJleHAiOjE2OTYxMzQyMTIsInJvbCI6InVzZXIifQ.5ieLJmgtTXukTABU3QhklpI4haOZocmnMyFZsGh4m7g,No autorizado,No autorizado,True
21,user,eyJhbGciOiJIUzI1NiIsInR5cCI6IkpXVCJ9.eyJmcmVzaCI6ZmFsc2UsImlhdCI6MTY5NjEzMDYxMiwianRpIjoiYzE1NDI4OWMtZWVkOS00OGVkLWE1NzUtODE3ZDhjZjllODc1IiwidHlwZSI6ImFjY2VzcyIsInN1YiI6ImRpZWdvIiwibmJmIjoxNjk2MTMwNjEyLCJleHAiOjE2OTYxMzQyMTIsInJvbCI6InVzZXIifQ.m-9Wia4jeG5P2blOYyc2ckus_wf1kCWhcRvYx4Bv7sA,No autorizado,No autorizado,True
22,user,eyJhbGciOiJIUzI1NiIsInR5cCI6IkpXVCJ9.eyJmcmVzaCI6ZmFsc2UsImlhdCI6MTY5NjEzMDYxMiwianRpIjoiZTM2MTAwNGEtOWM4MS00OGViLWE5YWUtMWE3MWNjYmE4ODRmIiwidHlwZSI6ImFjY2VzcyIsInN1YiI6ImRpZWdvIiwibmJmIjoxNjk2MTMwNjEyLCJleHAiOjE2OTYxMzQyMTIsInJvbCI6InVzZXIifQ.RtML9wssugvwOS9HG3IEdE-6xgGy01qpiYDY6RO3RmQ,No autorizado,No autorizado,True
23,user,eyJhbGciOiJIUzI1NiIsInR5cCI6IkpXVCJ9.eyJmcmVzaCI6ZmFsc2UsImlhdCI6MTY5NjEzMDYxMiwianRpIjoiMTM2NWU5N2YtZDk4OS00NDZkLTlhMjMtNTU2MjdlY2JlNjdkIiwidHlwZSI6ImFjY2VzcyIsInN1YiI6ImRpZWdvIiwibmJmIjoxNjk2MTMwNjEyLCJleHAiOjE2OTYxMzQyMTIsInJvbCI6InVzZXIifQ.Qqp3fOM_RPcMQ87OfnbFXFIgk2tpSEeUFOGLdDXAeTE,No autorizado,No autorizado,True
24,user,eyJhbGciOiJIUzI1NiIsInR5cCI6IkpXVCJ9.eyJmcmVzaCI6ZmFsc2UsImlhdCI6MTY5NjEzMDYxMiwianRpIjoiOTRkOTVlYWItMmNhZS00ZTg5LTg5MzctNjE2NzkzNmU2M2NhIiwidHlwZSI6ImFjY2VzcyIsInN1YiI6ImRpZWdvIiwibmJmIjoxNjk2MTMwNjEyLCJleHAiOjE2OTYxMzQyMTIsInJvbCI6InVzZXIifQ.iKS014IycSNkaCWdmOMJryVvDkvvO7zJWnK2vvxVbvY,No autorizado,No autorizado,True
25,admin,eyJhbGciOiJIUzI1NiIsInR5cCI6IkpXVCJ9.eyJmcmVzaCI6ZmFsc2UsImlhdCI6MTY5NjEzMDYxMiwianRpIjoiMjdmMjdkOTUtOWY2ZC00YjBlLTk4ZjYtZGQyY2E5NzM3YTBiIiwidHlwZSI6ImFjY2VzcyIsInN1YiI6ImRpZWdvIiwibmJmIjoxNjk2MTMwNjEyLCJleHAiOjE2OTYxMzQyMTIsInJvbCI6ImFkbWluIn0.54hKNR4ZU-rDdgOLCVWsTb28qr6u4Qbjlgir5L0Np2E,Acceso permitido,Acceso permitido,True
26,admin,eyJhbGciOiJIUzI1NiIsInR5cCI6IkpXVCJ9.eyJmcmVzaCI6ZmFsc2UsImlhdCI6MTY5NjEzMDYxMiwianRpIjoiYjhiYjk4NjItMDExNi00NjkxLWFlODMtNDU0NTA4YjUyNzAzIiwidHlwZSI6ImFjY2VzcyIsInN1YiI6ImRpZWdvIiwibmJmIjoxNjk2MTMwNjEyLCJleHAiOjE2OTYxMzQyMTIsInJvbCI6ImFkbWluIn0.4fjqi6AMzppuTcY19VGWo-kCCi_1GXzB5iFBZkX2Q5k,Acceso permitido,Acceso permitido,True
27,user,eyJhbGciOiJIUzI1NiIsInR5cCI6IkpXVCJ9.eyJmcmVzaCI6ZmFsc2UsImlhdCI6MTY5NjEzMDYxMiwianRpIjoiNmQ1ZDMwM2UtN2E5ZS00ZGY3LWI3NjItYjNkOTRlYjkyNDI4IiwidHlwZSI6ImFjY2VzcyIsInN1YiI6ImRpZWdvIiwibmJmIjoxNjk2MTMwNjEyLCJleHAiOjE2OTYxMzQyMTIsInJvbCI6InVzZXIifQ.K0NTl-7tKXfhvIKvPp2BUVUS0at4pJY2uySIzf8g7GI,No autorizado,No autorizado,True
28,admin,eyJhbGciOiJIUzI1NiIsInR5cCI6IkpXVCJ9.eyJmcmVzaCI6ZmFsc2UsImlhdCI6MTY5NjEzMDYxMiwianRpIjoiOGZjZjU0OTgtYTJlYy00MGQ0LWI2M2YtOGI3ZWVmZDRlZDBlIiwidHlwZSI6ImFjY2VzcyIsInN1YiI6ImRpZWdvIiwibmJmIjoxNjk2MTMwNjEyLCJleHAiOjE2OTYxMzQyMTIsInJvbCI6ImFkbWluIn0.CEhlZ9XVoqJW_atl-Z2fkkkHVo4KzhcyrJpqyZpKv5g,Acceso permitido,Acceso permitido,True
29,user,eyJhbGciOiJIUzI1NiIsInR5cCI6IkpXVCJ9.eyJmcmVzaCI6ZmFsc2UsImlhdCI6MTY5NjEzMDYxMiwianRpIjoiZTEwNWNjYzktYjAzNi00ZjNmLTkwNjYtNGFlMGVhNzJmNjNlIiwidHlwZSI6ImFjY2VzcyIsInN1YiI6ImRpZWdvIiwibmJmIjoxNjk2MTMwNjEyLCJleHAiOjE2OTYxMzQyMTIsInJvbCI6InVzZXIifQ.b8V4SV7Ggl-vKgd0aBmVVaiBdu03UZEuOMOnWmbnJSY,No autorizado,No autorizado,True
30,admin,eyJhbGciOiJIUzI1NiIsInR5cCI6IkpXVCJ9.eyJmcmVzaCI6ZmFsc2UsImlhdCI6MTY5NjEzMDYxMiwianRpIjoiYTc4NThkOWEtODg5MS00ZjVkLTkxNjAtYTM0YjQ5NmQ3OTRkIiwidHlwZSI6ImFjY2VzcyIsInN1YiI6ImRpZWdvIiwibmJmIjoxNjk2MTMwNjEyLCJleHAiOjE2OTYxMzQyMTIsInJvbCI6ImFkbWluIn0.mhzDppLijJuBegpHj0swIudO1AXVHl3Su8k659p4NLw,Acceso permitido,Acceso permitido,True
31,admin,eyJhbGciOiJIUzI1NiIsInR5cCI6IkpXVCJ9.eyJmcmVzaCI6ZmFsc2UsImlhdCI6MTY5NjEzMDYxMiwianRpIjoiZTRkZWEzYWYtMzk2Yi00ZmNjLWFkYzUtZGFjNmIwMjlkYmQ4IiwidHlwZSI6ImFjY2VzcyIsInN1YiI6ImRpZWdvIiwibmJmIjoxNjk2MTMwNjEyLCJleHAiOjE2OTYxMzQyMTIsInJvbCI6ImFkbWluIn0.KKMqsZ8bHhVM-8To7_QLxu72L18p0WGcoqcEGkZd3nw,Acceso permitido,Acceso permitido,True
32,admin,eyJhbGciOiJIUzI1NiIsInR5cCI6IkpXVCJ9.eyJmcmVzaCI6ZmFsc2UsImlhdCI6MTY5NjEzMDYxMiwianRpIjoiODllMmQ2ZTMtNTA4ZS00YzQ2LWJhOGUtZjZhYTE0ZjI1YjNmIiwidHlwZSI6ImFjY2VzcyIsInN1YiI6ImRpZWdvIiwibmJmIjoxNjk2MTMwNjEyLCJleHAiOjE2OTYxMzQyMTIsInJvbCI6ImFkbWluIn0.lMWi0T9ddmJSPAofDJBonbOmMfsA2Ivw4DvUCPawri8,Acceso permitido,Acceso permitido,True
33,user,eyJhbGciOiJIUzI1NiIsInR5cCI6IkpXVCJ9.eyJmcmVzaCI6ZmFsc2UsImlhdCI6MTY5NjEzMDYxMiwianRpIjoiMjY4YjE5YjQtZDczZS00OTU3LWJmMzktMGUwMjEzZDAxMDViIiwidHlwZSI6ImFjY2VzcyIsInN1YiI6ImRpZWdvIiwibmJmIjoxNjk2MTMwNjEyLCJleHAiOjE2OTYxMzQyMTIsInJvbCI6InVzZXIifQ.3Q6acR4ak40bDOO_VyVUARPXN62Fg5R9smh7Xy2ty7g,No autorizado,No autorizado,True
34,user,eyJhbGciOiJIUzI1NiIsInR5cCI6IkpXVCJ9.eyJmcmVzaCI6ZmFsc2UsImlhdCI6MTY5NjEzMDYxMiwianRpIjoiNDU5N2YzZTItZWJmOS00NjRhLWFjZjAtNjA0NjBmZmM1ZDNmIiwidHlwZSI6ImFjY2VzcyIsInN1YiI6ImRpZWdvIiwibmJmIjoxNjk2MTMwNjEyLCJleHAiOjE2OTYxMzQyMTIsInJvbCI6InVzZXIifQ.GhqW_Z-ujkl5kdceW0wNWoID-Mcr8zvJaODr30f-ltY,No autorizado,No autorizado,True
35,user,eyJhbGciOiJIUzI1NiIsInR5cCI6IkpXVCJ9.eyJmcmVzaCI6ZmFsc2UsImlhdCI6MTY5NjEzMDYxMiwianRpIjoiY2E2NDNkZDYtMGQ2Ny00ZmU2LWE0ZmMtNTM4ZWE1NTY5ZTg1IiwidHlwZSI6ImFjY2VzcyIsInN1YiI6ImRpZWdvIiwibmJmIjoxNjk2MTMwNjEyLCJleHAiOjE2OTYxMzQyMTIsInJvbCI6InVzZXIifQ.Wj8ipK15AyU5aY3UTaaiiq08h9XK3T8qSsU3cx_Eqvw,No autorizado,No autorizado,True
36,user,eyJhbGciOiJIUzI1NiIsInR5cCI6IkpXVCJ9.eyJmcmVzaCI6ZmFsc2UsImlhdCI6MTY5NjEzMDYxMiwianRpIjoiMDFjODQ0ZTEtMTFlMy00YjBmLWIyYTItMTdkYzI0YTg2YWFmIiwidHlwZSI6ImFjY2VzcyIsInN1YiI6ImRpZWdvIiwibmJmIjoxNjk2MTMwNjEyLCJleHAiOjE2OTYxMzQyMTIsInJvbCI6InVzZXIifQ.EjshNdRjihl9GR779tawelnj4yz5uiqF_lU0BZSqz0U,No autorizado,No autorizado,True
37,admin,eyJhbGciOiJIUzI1NiIsInR5cCI6IkpXVCJ9.eyJmcmVzaCI6ZmFsc2UsImlhdCI6MTY5NjEzMDYxMiwianRpIjoiYWVhMjYzOWMtZTRlOS00NzJkLTlmNjItYjRlMjlkYWRmNjkxIiwidHlwZSI6ImFjY2VzcyIsInN1YiI6ImRpZWdvIiwibmJmIjoxNjk2MTMwNjEyLCJleHAiOjE2OTYxMzQyMTIsInJvbCI6ImFkbWluIn0.jAX3YamqfzrINdrqstZXhHZkh94SpT4YkRKTRAydzbw,Acceso permitido,Acceso permitido,True
38,admin,eyJhbGciOiJIUzI1NiIsInR5cCI6IkpXVCJ9.eyJmcmVzaCI6ZmFsc2UsImlhdCI6MTY5NjEzMDYxMiwianRpIjoiZjQ2MzhlNjEtNWI4NC00MmQzLTg3YTUtMDRkYzFhZTJmNmJiIiwidHlwZSI6ImFjY2VzcyIsInN1YiI6ImRpZWdvIiwibmJmIjoxNjk2MTMwNjEyLCJleHAiOjE2OTYxMzQyMTIsInJvbCI6ImFkbWluIn0.PBgx64upomqaSkLv-E6R4ihqVANCsbtA5PUZM64gh_E,Acceso permitido,Acceso permitido,True
39,user,eyJhbGciOiJIUzI1NiIsInR5cCI6IkpXVCJ9.eyJmcmVzaCI6ZmFsc2UsImlhdCI6MTY5NjEzMDYxMiwianRpIjoiOWI4OTY2OTktNzI1Zi00YzFhLThmYTYtNGFjNzc3MWYzNmZjIiwidHlwZSI6ImFjY2VzcyIsInN1YiI6ImRpZWdvIiwibmJmIjoxNjk2MTMwNjEyLCJleHAiOjE2OTYxMzQyMTIsInJvbCI6InVzZXIifQ.5lg9qtCg0RNWheZTL70yOKf8ZwCfsHrau4-8ojC-ld8,No autorizado,No autorizado,True
40,user,eyJhbGciOiJIUzI1NiIsInR5cCI6IkpXVCJ9.eyJmcmVzaCI6ZmFsc2UsImlhdCI6MTY5NjEzMDYxMiwianRpIjoiYTk1ODIxMzgtNmVlYy00MGE2LTllMjYtZDQ0ZDc3YmQwZDU2IiwidHlwZSI6ImFjY2VzcyIsInN1YiI6ImRpZWdvIiwibmJmIjoxNjk2MTMwNjEyLCJleHAiOjE2OTYxMzQyMTIsInJvbCI6InVzZXIifQ.gjZ08TciiD3KI986f8yg2G3FgCIx3SkKXuTOCP9-fu4,No autorizado,No autorizado,True
41,admin,eyJhbGciOiJIUzI1NiIsInR5cCI6IkpXVCJ9.eyJmcmVzaCI6ZmFsc2UsImlhdCI6MTY5NjEzMDYxMiwianRpIjoiYzYyMWY2NjEtOTg3MC00MDc3LThjYWQtYjhkMjg4NTg2OWYyIiwidHlwZSI6ImFjY2VzcyIsInN1YiI6ImRpZWdvIiwibmJmIjoxNjk2MTMwNjEyLCJleHAiOjE2OTYxMzQyMTIsInJvbCI6ImFkbWluIn0.SYIZAT9z01ZQU4pn3yjifj9HqqwMJr_JYBLhdRyzwI4,Acceso permitido,Acceso permitido,True
42,user,eyJhbGciOiJIUzI1NiIsInR5cCI6IkpXVCJ9.eyJmcmVzaCI6ZmFsc2UsImlhdCI6MTY5NjEzMDYxMiwianRpIjoiNGEzOGJhYzMtNjNhZi00YjAwLWJlM2MtZmNmNGNiOTRmMWQwIiwidHlwZSI6ImFjY2VzcyIsInN1YiI6ImRpZWdvIiwibmJmIjoxNjk2MTMwNjEyLCJleHAiOjE2OTYxMzQyMTIsInJvbCI6InVzZXIifQ._HaqSrsH8tYKuGd1Tq83NYlLgLLImFrJVjrFmj0p64I,No autorizado,No autorizado,True
43,admin,eyJhbGciOiJIUzI1NiIsInR5cCI6IkpXVCJ9.eyJmcmVzaCI6ZmFsc2UsImlhdCI6MTY5NjEzMDYxMiwianRpIjoiMTA1ZTJhOWEtNDMxNC00YjJjLTgwMzItNzVhYjg5MzMzNWRkIiwidHlwZSI6ImFjY2VzcyIsInN1YiI6ImRpZWdvIiwibmJmIjoxNjk2MTMwNjEyLCJleHAiOjE2OTYxMzQyMTIsInJvbCI6ImFkbWluIn0.sOgSd2-XU_yc9q1s2rtacTaDsbLTz1TgTR7x5vumKGo,Acceso permitido,Acceso permitido,True
44,user,eyJhbGciOiJIUzI1NiIsInR5cCI6IkpXVCJ9.eyJmcmVzaCI6ZmFsc2UsImlhdCI6MTY5NjEzMDYxMiwianRpIjoiNGRjYTNkNTMtOTA5My00NzdmLWI1YmEtODc4NWFlNjNlYWUzIiwidHlwZSI6ImFjY2VzcyIsInN1YiI6ImRpZWdvIiwibmJmIjoxNjk2MTMwNjEyLCJleHAiOjE2OTYxMzQyMTIsInJvbCI6InVzZXIifQ.F4sXZpQuCexW65NaA0Sn0h5wr_qm75d0HNunvIRZ-Ak,No autorizado,No autorizado,True
45,admin,eyJhbGciOiJIUzI1NiIsInR5cCI6IkpXVCJ9.eyJmcmVzaCI6ZmFsc2UsImlhdCI6MTY5NjEzMDYxMiwianRpIjoiY2RmYTQ3MTktM2MyMC00ZDY2LWFmN2ItMDk4MzE5MjQ0NThiIiwidHlwZSI6ImFjY2VzcyIsInN1YiI6ImRpZWdvIiwibmJmIjoxNjk2MTMwNjEyLCJleHAiOjE2OTYxMzQyMTIsInJvbCI6ImFkbWluIn0.pwBJQfO6NU42NsjaF16nBiTEi8iAn4kK2kCG3SIjHsI,Acceso permitido,Acceso permitido,True
46,admin,eyJhbGciOiJIUzI1NiIsInR5cCI6IkpXVCJ9.eyJmcmVzaCI6ZmFsc2UsImlhdCI6MTY5NjEzMDYxMiwianRpIjoiNjIzYjEyOGQtNjIxNi00NjU2LTgwOTEtYWFiNjJhNTM2ZDdlIiwidHlwZSI6ImFjY2VzcyIsInN1YiI6ImRpZWdvIiwibmJmIjoxNjk2MTMwNjEyLCJleHAiOjE2OTYxMzQyMTIsInJvbCI6ImFkbWluIn0.q7qAutyJ7BbxP7KEyBP4_LgaesWh1ZyxVd4zK0yUksc,Acceso permitido,Acceso permitido,True
47,admin,eyJhbGciOiJIUzI1NiIsInR5cCI6IkpXVCJ9.eyJmcmVzaCI6ZmFsc2UsImlhdCI6MTY5NjEzMDYxMiwianRpIjoiNjkzZjUwZWItM2U1My00MGI4LTlkMDktMThjMGVmNjkxNDIxIiwidHlwZSI6ImFjY2VzcyIsInN1YiI6ImRpZWdvIiwibmJmIjoxNjk2MTMwNjEyLCJleHAiOjE2OTYxMzQyMTIsInJvbCI6ImFkbWluIn0.MeeYvamNdjEcpdphWdQIm7il0sKxOq78n9O_gwtqyAQ,Acceso permitido,Acceso permitido,True
48,admin,eyJhbGciOiJIUzI1NiIsInR5cCI6IkpXVCJ9.eyJmcmVzaCI6ZmFsc2UsImlhdCI6MTY5NjEzMDYxMiwianRpIjoiOWVmZmY5MTMtODgyOC00OWJmLTliNDEtY2RmMWY2ZTJhODVmIiwidHlwZSI6ImFjY2VzcyIsInN1YiI6ImRpZWdvIiwibmJmIjoxNjk2MTMwNjEyLCJleHAiOjE2OTYxMzQyMTIsInJvbCI6ImFkbWluIn0.r6nUFdtDmjqHFqDrsWErV_cqe7YA41piG2zZzIPpFc4,Acceso permitido,Acceso permitido,True
49,user,eyJhbGciOiJIUzI1NiIsInR5cCI6IkpXVCJ9.eyJmcmVzaCI6ZmFsc2UsImlhdCI6MTY5NjEzMDYxMiwianRpIjoiYjE5MmJlNjYtYjA3MS00MWZhLTg1MzktNGMxMTFmYWI3MWYxIiwidHlwZSI6ImFjY2VzcyIsInN1YiI6ImRpZWdvIiwibmJmIjoxNjk2MTMwNjEyLCJleHAiOjE2OTYxMzQyMTIsInJvbCI6InVzZXIifQ.ntN1W5BV5hBgrjGfiiS24674wDctL11R00lc_-Ryyeg,No autorizado,No autorizado,True
50,admin,eyJhbGciOiJIUzI1NiIsInR5cCI6IkpXVCJ9.eyJmcmVzaCI6ZmFsc2UsImlhdCI6MTY5NjEzMDYxMiwianRpIjoiZjUzNGY0MzYtMzQwOS00MTI3LTk0ZDEtMTE0MjRiZjk2YWMyIiwidHlwZSI6ImFjY2VzcyIsInN1YiI6ImRpZWdvIiwibmJmIjoxNjk2MTMwNjEyLCJleHAiOjE2OTYxMzQyMTIsInJvbCI6ImFkbWluIn0.qIxtlDmILH_tWK98gx8WtNtUv4mRo8olopROh95JnzI,Acceso permitido,Acceso permitido,True
51,admin,eyJhbGciOiJIUzI1NiIsInR5cCI6IkpXVCJ9.eyJmcmVzaCI6ZmFsc2UsImlhdCI6MTY5NjEzMDYxMiwianRpIjoiY2VjNmM2YTctOTE2ZC00MDRmLWEwYzctZTBmYjY2MjJiYTg3IiwidHlwZSI6ImFjY2VzcyIsInN1YiI6ImRpZWdvIiwibmJmIjoxNjk2MTMwNjEyLCJleHAiOjE2OTYxMzQyMTIsInJvbCI6ImFkbWluIn0.ESWAHmDZYaERpCrAUdx5qU1b-iwIsfqUDJt5YVd_t_M,Acceso permitido,Acceso permitido,True
52,admin,eyJhbGciOiJIUzI1NiIsInR5cCI6IkpXVCJ9.eyJmcmVzaCI6ZmFsc2UsImlhdCI6MTY5NjEzMDYxMiwianRpIjoiNzIzODdmM2MtOGVkYS00MTBlLWFlZjgtNjUzMjg1ZmRkYTVhIiwidHlwZSI6ImFjY2VzcyIsInN1YiI6ImRpZWdvIiwibmJmIjoxNjk2MTMwNjEyLCJleHAiOjE2OTYxMzQyMTIsInJvbCI6ImFkbWluIn0.s3jfEfZZA7H2LW2wF_INwk667HvvQ9VZZlNmp7BvKvY,Acceso permitido,Acceso permitido,True
53,user,eyJhbGciOiJIUzI1NiIsInR5cCI6IkpXVCJ9.eyJmcmVzaCI6ZmFsc2UsImlhdCI6MTY5NjEzMDYxMiwianRpIjoiYjFmNTg3MWItNDAxMi00YzgwLWIxNDktNzY1MWFiZWM2YWJkIiwidHlwZSI6ImFjY2VzcyIsInN1YiI6ImRpZWdvIiwibmJmIjoxNjk2MTMwNjEyLCJleHAiOjE2OTYxMzQyMTIsInJvbCI6InVzZXIifQ.o509QZ0PcAMe_Kj4RcdUWVGUbN8P5aQIqX9FETcESKI,No autorizado,No autorizado,True
54,admin,eyJhbGciOiJIUzI1NiIsInR5cCI6IkpXVCJ9.eyJmcmVzaCI6ZmFsc2UsImlhdCI6MTY5NjEzMDYxMiwianRpIjoiM2EyNWQyMTgtMjdiYy00NzMwLWE1YmItZWE2NGYyMWNiMWU4IiwidHlwZSI6ImFjY2VzcyIsInN1YiI6ImRpZWdvIiwibmJmIjoxNjk2MTMwNjEyLCJleHAiOjE2OTYxMzQyMTIsInJvbCI6ImFkbWluIn0.jyCOwa7X4Xsk4r_JZC9c9YHydiyLuOuHP2DBkg08tQc,Acceso permitido,Acceso permitido,True
55,admin,eyJhbGciOiJIUzI1NiIsInR5cCI6IkpXVCJ9.eyJmcmVzaCI6ZmFsc2UsImlhdCI6MTY5NjEzMDYxMiwianRpIjoiYjJkYWI4MGUtNDJmNS00Mjg5LWFiMmEtNGIyMDYwMTY4MGM5IiwidHlwZSI6ImFjY2VzcyIsInN1YiI6ImRpZWdvIiwibmJmIjoxNjk2MTMwNjEyLCJleHAiOjE2OTYxMzQyMTIsInJvbCI6ImFkbWluIn0.XpWEdvrHBjziOAnU6fQXFVM20EHGLIRVmQfTIYt8yGE,Acceso permitido,Acceso permitido,True
56,admin,eyJhbGciOiJIUzI1NiIsInR5cCI6IkpXVCJ9.eyJmcmVzaCI6ZmFsc2UsImlhdCI6MTY5NjEzMDYxMiwianRpIjoiNDZmNWY0OWUtMWRhMC00YzI0LTg5Y2QtMzQyZDNhZjA0NTg2IiwidHlwZSI6ImFjY2VzcyIsInN1YiI6ImRpZWdvIiwibmJmIjoxNjk2MTMwNjEyLCJleHAiOjE2OTYxMzQyMTIsInJvbCI6ImFkbWluIn0.vsyC1Xt78BKmFLntwQunQxikgTaP7cS-hGgcQfPPL8E,Acceso permitido,Acceso permitido,True
57,admin,eyJhbGciOiJIUzI1NiIsInR5cCI6IkpXVCJ9.eyJmcmVzaCI6ZmFsc2UsImlhdCI6MTY5NjEzMDYxMiwianRpIjoiOTNjNTBkOTYtOTk2YS00NDJiLWEwYzItZDNhMzRkMzM1NmYwIiwidHlwZSI6ImFjY2VzcyIsInN1YiI6ImRpZWdvIiwibmJmIjoxNjk2MTMwNjEyLCJleHAiOjE2OTYxMzQyMTIsInJvbCI6ImFkbWluIn0.ISoZR3A5ODh5sIVJOdq-GaP2rSCajvfK07QSrxZahB4,Acceso permitido,Acceso permitido,True
58,user,eyJhbGciOiJIUzI1NiIsInR5cCI6IkpXVCJ9.eyJmcmVzaCI6ZmFsc2UsImlhdCI6MTY5NjEzMDYxMiwianRpIjoiODRiOWIzOTItYjZmNC00M2Y4LThkMmEtMDg1MzZjYWY2MWJiIiwidHlwZSI6ImFjY2VzcyIsInN1YiI6ImRpZWdvIiwibmJmIjoxNjk2MTMwNjEyLCJleHAiOjE2OTYxMzQyMTIsInJvbCI6InVzZXIifQ.drkg45HEQw4qBL_e12LcoQvLSkMki_1Z8YPm00C6SwU,No autorizado,No autorizado,True
59,user,eyJhbGciOiJIUzI1NiIsInR5cCI6IkpXVCJ9.eyJmcmVzaCI6ZmFsc2UsImlhdCI6MTY5NjEzMDYxMiwianRpIjoiZDRlZWVhOGEtNTg3NC00MWRmLTg4YjgtNDY5MWI5ZGFiZjFhIiwidHlwZSI6ImFjY2VzcyIsInN1YiI6ImRpZWdvIiwibmJmIjoxNjk2MTMwNjEyLCJleHAiOjE2OTYxMzQyMTIsInJvbCI6InVzZXIifQ.eu1_x_MhZt1Ivlxd2gs-5jvKLZ8JYB37Zz7Xj0dccJg,No autorizado,No autorizado,True
60,admin,eyJhbGciOiJIUzI1NiIsInR5cCI6IkpXVCJ9.eyJmcmVzaCI6ZmFsc2UsImlhdCI6MTY5NjEzMDYxMiwianRpIjoiMDU4MjNhMmMtNDcyNi00MjY1LTg2NzctYWE0NTRiZmFjMGEzIiwidHlwZSI6ImFjY2VzcyIsInN1YiI6ImRpZWdvIiwibmJmIjoxNjk2MTMwNjEyLCJleHAiOjE2OTYxMzQyMTIsInJvbCI6ImFkbWluIn0.IhF5L3tPlqQOVkCkuPlpJQ2DGQ4hyS5GF4wmNfBmE_I,Acceso permitido,Acceso permitido,True
61,admin,eyJhbGciOiJIUzI1NiIsInR5cCI6IkpXVCJ9.eyJmcmVzaCI6ZmFsc2UsImlhdCI6MTY5NjEzMDYxMiwianRpIjoiMGUwODg4ZjItYzMzNS00YmMwLWFhOWItMWU4MDJmZmFjNWQ3IiwidHlwZSI6ImFjY2VzcyIsInN1YiI6ImRpZWdvIiwibmJmIjoxNjk2MTMwNjEyLCJleHAiOjE2OTYxMzQyMTIsInJvbCI6ImFkbWluIn0.Ll3gqHN78YCoIep8C2-MnzqzvxaeMqhIvZd4LVNULKs,Acceso permitido,Acceso permitido,True
62,user,eyJhbGciOiJIUzI1NiIsInR5cCI6IkpXVCJ9.eyJmcmVzaCI6ZmFsc2UsImlhdCI6MTY5NjEzMDYxMiwianRpIjoiMjI2OGVhNmItYjgwNC00YmI1LThmMWItOWYzNjFmY2UyNmYwIiwidHlwZSI6ImFjY2VzcyIsInN1YiI6ImRpZWdvIiwibmJmIjoxNjk2MTMwNjEyLCJleHAiOjE2OTYxMzQyMTIsInJvbCI6InVzZXIifQ.TWTE8Qh3xEu_Lm-r-y27HTcgjhOFD-FRK3hcMePj51M,No autorizado,No autorizado,True
63,admin,eyJhbGciOiJIUzI1NiIsInR5cCI6IkpXVCJ9.eyJmcmVzaCI6ZmFsc2UsImlhdCI6MTY5NjEzMDYxMiwianRpIjoiYjc5OTNlMDQtMGM4NS00MjM0LWE0MGYtMzM3M2Q5M2VjNzgyIiwidHlwZSI6ImFjY2VzcyIsInN1YiI6ImRpZWdvIiwibmJmIjoxNjk2MTMwNjEyLCJleHAiOjE2OTYxMzQyMTIsInJvbCI6ImFkbWluIn0.WatWy_ZUCg-xEnQQ-gg5DJZORDfVAZCBiMVENb6maZc,Acceso permitido,Acceso permitido,True
64,user,eyJhbGciOiJIUzI1NiIsInR5cCI6IkpXVCJ9.eyJmcmVzaCI6ZmFsc2UsImlhdCI6MTY5NjEzMDYxMiwianRpIjoiMmVhNWM2NGQtZWM2My00YWZiLTk1OWYtNjBlNmU5MGM3ZjY5IiwidHlwZSI6ImFjY2VzcyIsInN1YiI6ImRpZWdvIiwibmJmIjoxNjk2MTMwNjEyLCJleHAiOjE2OTYxMzQyMTIsInJvbCI6InVzZXIifQ.AaFuqBQpnLJn8h1cdtoOxZck4kvXsylmSqvxUfllKw4,No autorizado,No autorizado,True
65,user,eyJhbGciOiJIUzI1NiIsInR5cCI6IkpXVCJ9.eyJmcmVzaCI6ZmFsc2UsImlhdCI6MTY5NjEzMDYxMiwianRpIjoiZjhiY2JjNTMtNTBhYi00ZGJjLWE0MjctZTZmYTE1MmZjMjFiIiwidHlwZSI6ImFjY2VzcyIsInN1YiI6ImRpZWdvIiwibmJmIjoxNjk2MTMwNjEyLCJleHAiOjE2OTYxMzQyMTIsInJvbCI6InVzZXIifQ.f7EWiFgw4_rQxyXHnVqq2CuhUXKNWUz7p_zTC1DTwvo,No autorizado,No autorizado,True
66,admin,eyJhbGciOiJIUzI1NiIsInR5cCI6IkpXVCJ9.eyJmcmVzaCI6ZmFsc2UsImlhdCI6MTY5NjEzMDYxMiwianRpIjoiZWNjOGYwZWMtODBjYy00ODE2LTk4ODUtNTY5OWIzMmIzNzZiIiwidHlwZSI6ImFjY2VzcyIsInN1YiI6ImRpZWdvIiwibmJmIjoxNjk2MTMwNjEyLCJleHAiOjE2OTYxMzQyMTIsInJvbCI6ImFkbWluIn0.-0lN8UOf_RaicKRFMlgI10quFEbhw8PGH-HlOoiLfz4,Acceso permitido,Acceso permitido,True
67,admin,eyJhbGciOiJIUzI1NiIsInR5cCI6IkpXVCJ9.eyJmcmVzaCI6ZmFsc2UsImlhdCI6MTY5NjEzMDYxMiwianRpIjoiOWRmNjgyZTQtNmU0ZS00MjQwLThmMjMtNDQxMDc4YjY4NDQ5IiwidHlwZSI6ImFjY2VzcyIsInN1YiI6ImRpZWdvIiwibmJmIjoxNjk2MTMwNjEyLCJleHAiOjE2OTYxMzQyMTIsInJvbCI6ImFkbWluIn0.0ZoCr5vG_wQNzgeAiZukYmOhP1Ag8CijCMDX4_1lqB8,Acceso permitido,Acceso permitido,True
68,admin,eyJhbGciOiJIUzI1NiIsInR5cCI6IkpXVCJ9.eyJmcmVzaCI6ZmFsc2UsImlhdCI6MTY5NjEzMDYxMiwianRpIjoiZWM1NzAyZGUtMjI5YS00MGI4LTk4YmEtMDgyZmY2YzA0MGQ3IiwidHlwZSI6ImFjY2VzcyIsInN1YiI6ImRpZWdvIiwibmJmIjoxNjk2MTMwNjEyLCJleHAiOjE2OTYxMzQyMTIsInJvbCI6ImFkbWluIn0.pyWVgl84X-zcjLa2BGHoKAJDRoLZu8idvvC7ykWdIkQ,Acceso permitido,Acceso permitido,True
69,admin,eyJhbGciOiJIUzI1NiIsInR5cCI6IkpXVCJ9.eyJmcmVzaCI6ZmFsc2UsImlhdCI6MTY5NjEzMDYxMiwianRpIjoiODlkNjNhN2UtOGVmNC00OTdiLWE5YjEtMzM3MmMyZmRlZWM1IiwidHlwZSI6ImFjY2VzcyIsInN1YiI6ImRpZWdvIiwibmJmIjoxNjk2MTMwNjEyLCJleHAiOjE2OTYxMzQyMTIsInJvbCI6ImFkbWluIn0.fCVcykL0LOCqsrlBXHhTT7aMZeccol7M_J2UQPGgZig,Acceso permitido,Acceso permitido,True
70,user,eyJhbGciOiJIUzI1NiIsInR5cCI6IkpXVCJ9.eyJmcmVzaCI6ZmFsc2UsImlhdCI6MTY5NjEzMDYxMiwianRpIjoiZmY3NjczMzEtZmUzNy00ZWQ2LWFjZGYtNjM4NzUzMjk3YTlhIiwidHlwZSI6ImFjY2VzcyIsInN1YiI6ImRpZWdvIiwibmJmIjoxNjk2MTMwNjEyLCJleHAiOjE2OTYxMzQyMTIsInJvbCI6InVzZXIifQ.EfGIQoZP25VfM_6nptny4FjalGgjM55frON8eW-lNZw,No autorizado,No autorizado,True
71,user,eyJhbGciOiJIUzI1NiIsInR5cCI6IkpXVCJ9.eyJmcmVzaCI6ZmFsc2UsImlhdCI6MTY5NjEzMDYxMiwianRpIjoiYzI1ZTAwM2QtOWRmNy00NTUwLThkY2MtYzdmZTk4YTliZGZlIiwidHlwZSI6ImFjY2VzcyIsInN1YiI6ImRpZWdvIiwibmJmIjoxNjk2MTMwNjEyLCJleHAiOjE2OTYxMzQyMTIsInJvbCI6InVzZXIifQ.C_dxnKoEX_CcsirQ5JOvTbgR13o5hrZYYNw0NFFUSBg,No autorizado,No autorizado,True
72,admin,eyJhbGciOiJIUzI1NiIsInR5cCI6IkpXVCJ9.eyJmcmVzaCI6ZmFsc2UsImlhdCI6MTY5NjEzMDYxMiwianRpIjoiOGVjMWQzMjktOTg4Yi00MGUwLTlmMWEtYmUwMzkyMWU0ZWIzIiwidHlwZSI6ImFjY2VzcyIsInN1YiI6ImRpZWdvIiwibmJmIjoxNjk2MTMwNjEyLCJleHAiOjE2OTYxMzQyMTIsInJvbCI6ImFkbWluIn0.hc7ggQFrz0PHy2Uo2FMg4YGTuiao9f_ZfumvRIdJghQ,Acceso permitido,Acceso permitido,True
73,admin,eyJhbGciOiJIUzI1NiIsInR5cCI6IkpXVCJ9.eyJmcmVzaCI6ZmFsc2UsImlhdCI6MTY5NjEzMDYxMiwianRpIjoiNWVlOTQyZjctNDUwOS00NTc3LWJhNmYtNjg2MjdkOWMwMDhmIiwidHlwZSI6ImFjY2VzcyIsInN1YiI6ImRpZWdvIiwibmJmIjoxNjk2MTMwNjEyLCJleHAiOjE2OTYxMzQyMTIsInJvbCI6ImFkbWluIn0.m9ORnO4Ew929EAS1lldF4N7s-kwx_6nVnrjepGPMa_E,Acceso permitido,Acceso permitido,True
74,admin,eyJhbGciOiJIUzI1NiIsInR5cCI6IkpXVCJ9.eyJmcmVzaCI6ZmFsc2UsImlhdCI6MTY5NjEzMDYxMiwianRpIjoiN2ZmNTI4MDktYTk0Ny00ZGRhLWFjNGMtMmZlNjM1YzQzNzNkIiwidHlwZSI6ImFjY2VzcyIsInN1YiI6ImRpZWdvIiwibmJmIjoxNjk2MTMwNjEyLCJleHAiOjE2OTYxMzQyMTIsInJvbCI6ImFkbWluIn0.cQ_X0WEwuV--C1BLDuFWl93WgKYMkX3GQvOjgKa1jms,Acceso permitido,Acceso permitido,True
75,admin,eyJhbGciOiJIUzI1NiIsInR5cCI6IkpXVCJ9.eyJmcmVzaCI6ZmFsc2UsImlhdCI6MTY5NjEzMDYxMiwianRpIjoiOTVhZWFjOGUtNzlmYS00ZTkzLTljZjAtZDMwMmY1ODkzMjIyIiwidHlwZSI6ImFjY2VzcyIsInN1YiI6ImRpZWdvIiwibmJmIjoxNjk2MTMwNjEyLCJleHAiOjE2OTYxMzQyMTIsInJvbCI6ImFkbWluIn0.x1GQOovMxd4iTKMZwdFSY_-RM3qrBNbeXm61EwHRWCs,Acceso permitido,Acceso permitido,True
76,user,eyJhbGciOiJIUzI1NiIsInR5cCI6IkpXVCJ9.eyJmcmVzaCI6ZmFsc2UsImlhdCI6MTY5NjEzMDYxMiwianRpIjoiODY1YzUxYTYtNWU1MS00MDI2LThmNjAtMDkwYTk5ZTExZGM3IiwidHlwZSI6ImFjY2VzcyIsInN1YiI6ImRpZWdvIiwibmJmIjoxNjk2MTMwNjEyLCJleHAiOjE2OTYxMzQyMTIsInJvbCI6InVzZXIifQ.6JgGL72vrdjxjD9CVxC3m9d6OTtts1Ff9bDuU2fCzBE,No autorizado,No autorizado,True
77,user,eyJhbGciOiJIUzI1NiIsInR5cCI6IkpXVCJ9.eyJmcmVzaCI6ZmFsc2UsImlhdCI6MTY5NjEzMDYxMiwianRpIjoiYzFlZjZmNWItZGY0ZC00ZWU0LWFjZTQtNWRlNzI3ZTlhZGRjIiwidHlwZSI6ImFjY2VzcyIsInN1YiI6ImRpZWdvIiwibmJmIjoxNjk2MTMwNjEyLCJleHAiOjE2OTYxMzQyMTIsInJvbCI6InVzZXIifQ.pIv7gmGlLF7aSQLybHiQn7nUgW08IPA5r8yeuNmRAvM,No autorizado,No autorizado,True
78,user,eyJhbGciOiJIUzI1NiIsInR5cCI6IkpXVCJ9.eyJmcmVzaCI6ZmFsc2UsImlhdCI6MTY5NjEzMDYxMiwianRpIjoiODQ3MDk5NTAtMjQ3Ni00ZDJmLThkNWUtNTQ2NTg4ZTdkMzQzIiwidHlwZSI6ImFjY2VzcyIsInN1YiI6ImRpZWdvIiwibmJmIjoxNjk2MTMwNjEyLCJleHAiOjE2OTYxMzQyMTIsInJvbCI6InVzZXIifQ.kNpnA6NkGndvphFCniNKrHkrXQ_qslPIu6ZavNFDz1Q,No autorizado,No autorizado,True
79,user,eyJhbGciOiJIUzI1NiIsInR5cCI6IkpXVCJ9.eyJmcmVzaCI6ZmFsc2UsImlhdCI6MTY5NjEzMDYxMiwianRpIjoiODZiMTFmZjEtNDA2Yi00NTMxLTg2MTEtMGQ0ODlkODAwMmM3IiwidHlwZSI6ImFjY2VzcyIsInN1YiI6ImRpZWdvIiwibmJmIjoxNjk2MTMwNjEyLCJleHAiOjE2OTYxMzQyMTIsInJvbCI6InVzZXIifQ.ME-c09KuiVObRy8P3RgIhMZL1Rg2ACu51D8J1YrKZUQ,No autorizado,No autorizado,True
80,admin,eyJhbGciOiJIUzI1NiIsInR5cCI6IkpXVCJ9.eyJmcmVzaCI6ZmFsc2UsImlhdCI6MTY5NjEzMDYxMiwianRpIjoiMDJiYjFkOGMtNmQ3OC00OWY5LThlOWYtMTM4MGYwOWE2MmU2IiwidHlwZSI6ImFjY2VzcyIsInN1YiI6ImRpZWdvIiwibmJmIjoxNjk2MTMwNjEyLCJleHAiOjE2OTYxMzQyMTIsInJvbCI6ImFkbWluIn0.ON_Z_Glq2dq_Xd7iCZkl-AKqt4LYwHgB7JnY7_owohg,Acceso permitido,Acceso permitido,True
81,admin,eyJhbGciOiJIUzI1NiIsInR5cCI6IkpXVCJ9.eyJmcmVzaCI6ZmFsc2UsImlhdCI6MTY5NjEzMDYxMiwianRpIjoiNDZjZWRkMWUtMTQ4OS00ZGFlLWEyNmItZWYwODc1ZmE3MDQ5IiwidHlwZSI6ImFjY2VzcyIsInN1YiI6ImRpZWdvIiwibmJmIjoxNjk2MTMwNjEyLCJleHAiOjE2OTYxMzQyMTIsInJvbCI6ImFkbWluIn0.XmdR5DFPe3VnY1DFLQwsWEMALfG0ZhJEGijqng5d7zU,Acceso permitido,Acceso permitido,True
82,user,eyJhbGciOiJIUzI1NiIsInR5cCI6IkpXVCJ9.eyJmcmVzaCI6ZmFsc2UsImlhdCI6MTY5NjEzMDYxMiwianRpIjoiM2M5MDg5M2EtNjJiYi00NTYxLWI5YjgtZDNiMzU2ZmU2OGM1IiwidHlwZSI6ImFjY2VzcyIsInN1YiI6ImRpZWdvIiwibmJmIjoxNjk2MTMwNjEyLCJleHAiOjE2OTYxMzQyMTIsInJvbCI6InVzZXIifQ.E2QJ-E1KTE3KHjm3wuqyi2vLXwg88bQNmgw9RDGwjZc,No autorizado,No autorizado,True
83,admin,eyJhbGciOiJIUzI1NiIsInR5cCI6IkpXVCJ9.eyJmcmVzaCI6ZmFsc2UsImlhdCI6MTY5NjEzMDYxMiwianRpIjoiNzBhMzZhYzUtOWQwYy00ZDZiLWIzYjYtMjEzMDA3MGQ5ZmI5IiwidHlwZSI6ImFjY2VzcyIsInN1YiI6ImRpZWdvIiwibmJmIjoxNjk2MTMwNjEyLCJleHAiOjE2OTYxMzQyMTIsInJvbCI6ImFkbWluIn0.-kjf2TGh1eAwzSCY2oA-d39UB0TyX2SkWhA7qNHQMzY,Acceso permitido,Acceso permitido,True
84,admin,eyJhbGciOiJIUzI1NiIsInR5cCI6IkpXVCJ9.eyJmcmVzaCI6ZmFsc2UsImlhdCI6MTY5NjEzMDYxMiwianRpIjoiMWE1NzM2NzUtZTk1Mi00ZmZmLTlmZTctNTEzOTA3MWYxMzlhIiwidHlwZSI6ImFjY2VzcyIsInN1YiI6ImRpZWdvIiwibmJmIjoxNjk2MTMwNjEyLCJleHAiOjE2OTYxMzQyMTIsInJvbCI6ImFkbWluIn0.VO1vXOamf48U0X1pEWbPfNO3bpf31puNYOCubdBoyRE,Acceso permitido,Acceso permitido,True
85,admin,eyJhbGciOiJIUzI1NiIsInR5cCI6IkpXVCJ9.eyJmcmVzaCI6ZmFsc2UsImlhdCI6MTY5NjEzMDYxMiwianRpIjoiNjM4ZjQwNzQtNzA0MS00MDg5LTkzMGEtZTQ4ZjU4OGQzOWM4IiwidHlwZSI6ImFjY2VzcyIsInN1YiI6ImRpZWdvIiwibmJmIjoxNjk2MTMwNjEyLCJleHAiOjE2OTYxMzQyMTIsInJvbCI6ImFkbWluIn0.AOJT_fyKYJwMm4MllWG0XCq77eoDLMgoyNYtk_bgQS4,Acceso permitido,Acceso permitido,True
86,user,eyJhbGciOiJIUzI1NiIsInR5cCI6IkpXVCJ9.eyJmcmVzaCI6ZmFsc2UsImlhdCI6MTY5NjEzMDYxMiwianRpIjoiM2U3NmQyZGEtMDYzOS00ZmY4LTljMWQtMDEzMjY2ZTllNTQ5IiwidHlwZSI6ImFjY2VzcyIsInN1YiI6ImRpZWdvIiwibmJmIjoxNjk2MTMwNjEyLCJleHAiOjE2OTYxMzQyMTIsInJvbCI6InVzZXIifQ.lunKGgl2V3tp-f6zcEG2vtPqibCY_JwXu4vM3l89f8Y,No autorizado,No autorizado,True
87,user,eyJhbGciOiJIUzI1NiIsInR5cCI6IkpXVCJ9.eyJmcmVzaCI6ZmFsc2UsImlhdCI6MTY5NjEzMDYxMiwianRpIjoiZTYwZjVmNjYtMWU1Ni00NzlhLWFmMWItMzhlMjVkMWE3NjgyIiwidHlwZSI6ImFjY2VzcyIsInN1YiI6ImRpZWdvIiwibmJmIjoxNjk2MTMwNjEyLCJleHAiOjE2OTYxMzQyMTIsInJvbCI6InVzZXIifQ.kBMARtabmMiLNZ-7TM1qls7jSNqcc2cVqmd-2rHMvEk,No autorizado,No autorizado,True
88,admin,eyJhbGciOiJIUzI1NiIsInR5cCI6IkpXVCJ9.eyJmcmVzaCI6ZmFsc2UsImlhdCI6MTY5NjEzMDYxMiwianRpIjoiMjMxZDE3MDAtNmU0MC00ZjhhLTk5N2MtZGQwZmZjZDlkOWZkIiwidHlwZSI6ImFjY2VzcyIsInN1YiI6ImRpZWdvIiwibmJmIjoxNjk2MTMwNjEyLCJleHAiOjE2OTYxMzQyMTIsInJvbCI6ImFkbWluIn0.kRaMBJse5hahUA3Dnj5n3VzPj-W9MLIb_i2ozDgOwDk,Acceso permitido,Acceso permitido,True
89,admin,eyJhbGciOiJIUzI1NiIsInR5cCI6IkpXVCJ9.eyJmcmVzaCI6ZmFsc2UsImlhdCI6MTY5NjEzMDYxMiwianRpIjoiNjk2M2Q2ZGQtNWVjNC00ZDc3LWIwZDktMmY0YmZiODFlOWY2IiwidHlwZSI6ImFjY2VzcyIsInN1YiI6ImRpZWdvIiwibmJmIjoxNjk2MTMwNjEyLCJleHAiOjE2OTYxMzQyMTIsInJvbCI6ImFkbWluIn0.wP4t50hhplDqFjEHSAnSV5cD2bktELckkL1lGsOg5Uk,Acceso permitido,Acceso permitido,True
90,admin,eyJhbGciOiJIUzI1NiIsInR5cCI6IkpXVCJ9.eyJmcmVzaCI6ZmFsc2UsImlhdCI6MTY5NjEzMDYxMiwianRpIjoiZjJlN2EyYjctYWU4ZC00MWU2LWJhNjUtY2ZmMjI0NjI4ZDUzIiwidHlwZSI6ImFjY2VzcyIsInN1YiI6ImRpZWdvIiwibmJmIjoxNjk2MTMwNjEyLCJleHAiOjE2OTYxMzQyMTIsInJvbCI6ImFkbWluIn0.sIZFWD-unGUnwz2otPySS9fzHkBtCHKb89IK4aIMsvA,Acceso permitido,Acceso permitido,True
91,user,eyJhbGciOiJIUzI1NiIsInR5cCI6IkpXVCJ9.eyJmcmVzaCI6ZmFsc2UsImlhdCI6MTY5NjEzMDYxMiwianRpIjoiMDNlYTdhMjctOTY2MS00MWI2LWI3MmItNzMwOGFmNTMwMmIyIiwidHlwZSI6ImFjY2VzcyIsInN1YiI6ImRpZWdvIiwibmJmIjoxNjk2MTMwNjEyLCJleHAiOjE2OTYxMzQyMTIsInJvbCI6InVzZXIifQ.H1NwN-GXVFpHqZmriGZwZHOr58sn1-7Av0U595u_zQ8,No autorizado,No autorizado,True
92,admin,eyJhbGciOiJIUzI1NiIsInR5cCI6IkpXVCJ9.eyJmcmVzaCI6ZmFsc2UsImlhdCI6MTY5NjEzMDYxMiwianRpIjoiNWQ0M2JjMDktODk5ZS00YjcyLWExNjgtYmQ3Mzg1OTk3MWE2IiwidHlwZSI6ImFjY2VzcyIsInN1YiI6ImRpZWdvIiwibmJmIjoxNjk2MTMwNjEyLCJleHAiOjE2OTYxMzQyMTIsInJvbCI6ImFkbWluIn0.D3fhGZYO8Hf1I2TZuynY48blvDE6rUvYbJSEFBCV2JI,Acceso permitido,Acceso permitido,True
93,admin,eyJhbGciOiJIUzI1NiIsInR5cCI6IkpXVCJ9.eyJmcmVzaCI6ZmFsc2UsImlhdCI6MTY5NjEzMDYxMiwianRpIjoiNWFlOGRkMWYtOTBkMy00ZGQ0LTk1YWYtYTA1NTQyOWU2YWUyIiwidHlwZSI6ImFjY2VzcyIsInN1YiI6ImRpZWdvIiwibmJmIjoxNjk2MTMwNjEyLCJleHAiOjE2OTYxMzQyMTIsInJvbCI6ImFkbWluIn0.9Ey_P_mv2RWJlRQ1CdAJT52fp53B8Kj6caMhVVZ7OgQ,Acceso permitido,Acceso permitido,True
94,admin,eyJhbGciOiJIUzI1NiIsInR5cCI6IkpXVCJ9.eyJmcmVzaCI6ZmFsc2UsImlhdCI6MTY5NjEzMDYxMiwianRpIjoiNDNlZjRmNDAtMDU2ZS00YjQ2LTk0NDMtOGVmZWI0ZjIyNjNmIiwidHlwZSI6ImFjY2VzcyIsInN1YiI6ImRpZWdvIiwibmJmIjoxNjk2MTMwNjEyLCJleHAiOjE2OTYxMzQyMTIsInJvbCI6ImFkbWluIn0.84Tb6vnvcyyxsxchPuCH48UZ-b2bOITnQ96kheBbiDQ,Acceso permitido,Acceso permitido,True
95,admin,eyJhbGciOiJIUzI1NiIsInR5cCI6IkpXVCJ9.eyJmcmVzaCI6ZmFsc2UsImlhdCI6MTY5NjEzMDYxMiwianRpIjoiYTA2N2ZkYmItMzFjNC00ZDJhLTk0NTItZTk5NWNmOWU2YjQ5IiwidHlwZSI6ImFjY2VzcyIsInN1YiI6ImRpZWdvIiwibmJmIjoxNjk2MTMwNjEyLCJleHAiOjE2OTYxMzQyMTIsInJvbCI6ImFkbWluIn0.1vouNREdPsp4NiX59lo6g3HrwcmIRAcqIbvgaDH2JZA,Acceso permitido,Acceso permitido,True
96,admin,eyJhbGciOiJIUzI1NiIsInR5cCI6IkpXVCJ9.eyJmcmVzaCI6ZmFsc2UsImlhdCI6MTY5NjEzMDYxMiwianRpIjoiNGI5NDZhOTMtNzMwZS00NGZmLWJiNzktMWJlMmE4YjFmMTM3IiwidHlwZSI6ImFjY2VzcyIsInN1YiI6ImRpZWdvIiwibmJmIjoxNjk2MTMwNjEyLCJleHAiOjE2OTYxMzQyMTIsInJvbCI6ImFkbWluIn0.uH3XiPcB4d986ZOlrHWtp5FoxQo7OEADGwPr6IB_FCo,Acceso permitido,Acceso permitido,True
97,user,eyJhbGciOiJIUzI1NiIsInR5cCI6IkpXVCJ9.eyJmcmVzaCI6ZmFsc2UsImlhdCI6MTY5NjEzMDYxMiwianRpIjoiYTU0ODJjZjEtZGNlOC00NDI3LWJlMmYtNTQyNWRiN2ExMzA5IiwidHlwZSI6ImFjY2VzcyIsInN1YiI6ImRpZWdvIiwibmJmIjoxNjk2MTMwNjEyLCJleHAiOjE2OTYxMzQyMTIsInJvbCI6InVzZXIifQ.OA4ZUb8hOb_WV2Gr12pYOCKulXWgMIF381nypCcMkyQ,No autorizado,No autorizado,True
98,admin,eyJhbGciOiJIUzI1NiIsInR5cCI6IkpXVCJ9.eyJmcmVzaCI6ZmFsc2UsImlhdCI6MTY5NjEzMDYxMiwianRpIjoiOTQwNzk1ZWUtNjBiOS00Nzk3LThmMjUtOTBjNzc1ZTUxMWQ4IiwidHlwZSI6ImFjY2VzcyIsInN1YiI6ImRpZWdvIiwibmJmIjoxNjk2MTMwNjEyLCJleHAiOjE2OTYxMzQyMTIsInJvbCI6ImFkbWluIn0.931KRUVVYWfx7MeOgzgq2hXwQrqxamQdUP5y859kl7k,Acceso permitido,Acceso permitido,True
99,admin,eyJhbGciOiJIUzI1NiIsInR5cCI6IkpXVCJ9.eyJmcmVzaCI6ZmFsc2UsImlhdCI6MTY5NjEzMDYxMiwianRpIjoiMTJlOGIxODgtZmFhYi00OTZhLThhYWQtYWI5MWI2MjA1OTc5IiwidHlwZSI6ImFjY2VzcyIsInN1YiI6ImRpZWdvIiwibmJmIjoxNjk2MTMwNjEyLCJleHAiOjE2OTYxMzQyMTIsInJvbCI6ImFkbWluIn0.MYjCKNsEpk1glhsxdDHPHHCw28ggLBkU4oJTmt3KC0o,Acceso permitido,Acceso permitido,True
100,admin,eyJhbGciOiJIUzI1NiIsInR5cCI6IkpXVCJ9.eyJmcmVzaCI6ZmFsc2UsImlhdCI6MTY5NjEzMDYxMiwianRpIjoiMzg4OTdiM2EtNTNjNC00Mzk3LTljNDYtZjZlNGVkOTdjODgzIiwidHlwZSI6ImFjY2VzcyIsInN1YiI6ImRpZWdvIiwibmJmIjoxNjk2MTMwNjEyLCJleHAiOjE2OTYxMzQyMTIsInJvbCI6ImFkbWluIn0.scMKE4aJt6MA-56MEGHMCrd3jPrUsAwDn4n8pgKg_aI,Acceso permitido,Acceso permitido,True
